Workbook

Sheet Registro por lote
A1: STEPH – COVER ENGINE | CONTROL DE FABRICACIÓN | 60 UNIDADES
A2: Registro de tiempos por lote · Procesos en paralelo permitidos · Todos los cortes propios (en planta)
A4: PROCESOS: | D4: 1. CORTADORA MANUAL | F4: 2. CORTE LÁSER | H4: 3. CORTE ROUTER | J4: 4. SOLDADO DE COMPONENTE | L4: 5. UNIÓN DE COMPONENTES
A6: N° LOTE | B6: FECHA | C6: CANT. RACKS | D6: CORTADORA MANUAL | F6: CORTE LÁSER | H6: CORTE ROUTER | J6: SOLD. COMPONENTE | L6: UNIÓN COMPONENTES | N6: TIEMPOS CALCULADOS (automático)
D7: INICIO | E7: FIN | F7: INICIO | G7: FIN | H7: INICIO | I7: FIN | J7: INICIO | K7: FIN | L7: INICIO | M7: FIN | N7: T.Cort. Manual | O7: T.Láser | P7: T.Router | Q7: T.Sold. Comp. | R7: T.Unión Comp. | S7: TOTAL (min) | T7: TOTAL (hs) | U7: RACKS/ Hora | V7: OBSERVACIONES
A8: GUIDI COVER ENGINE | B8: 46175 | C8: 5 | D8: 0.041666667 | E8: 0.069444444 | N8: =IF(OR(E8="",D8=""),"",ROUND((E8-D8)*1440,0)) -> 40 | O8: =IF(OR(G8="",F8=""),"",ROUND((G8-F8)*1440,0)) | P8: =IF(OR(I8="",H8=""),"",ROUND((I8-H8)*1440,0)) | Q8: =IF(OR(K8="",J8=""),"",ROUND((K8-J8)*1440,0)) | R8: =IF(OR(M8="",L8=""),"",ROUND((M8-L8)*1440,0)) | S8: =IF(AND(N8="",O8="",P8="",Q8="",R8=""),"",IFERROR(IF(N8<>"",N8,0)+IF(O8<>"",O8,0)+IF(P8<>"",P8,0)+IF(Q8<>"",Q8,0)+IF(R8<>"",R8,0),"")) -> 40 | T8: =IF(S8="","",ROUND(S8/60,2)) -> 0.67 | U8: =IF(OR(C8="",T8="",T8=0),"",ROUND(C8/T8,1)) -> 7.5 | V8: Corte hierro para laterales
A9: GUIDI COVER ENGINE | B9: 46175 | C9: 5 | J9: 0.069444444 | K9: 0.10902778 | N9: =IF(OR(E9="",D9=""),"",ROUND((E9-D9)*1440,0)) | O9: =IF(OR(G9="",F9=""),"",ROUND((G9-F9)*1440,0)) | P9: =IF(OR(I9="",H9=""),"",ROUND((I9-H9)*1440,0)) | Q9: =IF(OR(K9="",J9=""),"",ROUND((K9-J9)*1440,0)) -> 57 | R9: =IF(OR(M9="",L9=""),"",ROUND((M9-L9)*1440,0)) | S9: =IF(AND(N9="",O9="",P9="",Q9="",R9=""),"",IFERROR(IF(N9<>"",N9,0)+IF(O9<>"",O9,0)+IF(P9<>"",P9,0)+IF(Q9<>"",Q9,0)+IF(R9<>"",R9,0),"")) -> 57 | T9: =IF(S9="","",ROUND(S9/60,2)) -> 0.95 | U9: =IF(OR(C9="",T9="",T9=0),"",ROUND(C9/T9,1)) -> 5.3 | V9: Armado componentes laterales
A10: =+A9 -> GUIDI COVER ENGINE | B10: =+B9 -> 46175 | C10: 1 | L10: 0.041666667 | M10: 0.11111111 | N10: =IF(OR(E10="",D10=""),"",ROUND((E10-D10)*1440,0)) | O10: =IF(OR(G10="",F10=""),"",ROUND((G10-F10)*1440,0)) | P10: =IF(OR(I10="",H10=""),"",ROUND((I10-H10)*1440,0)) | Q10: =IF(OR(K10="",J10=""),"",ROUND((K10-J10)*1440,0)) | R10: =IF(OR(M10="",L10=""),"",ROUND((M10-L10)*1440,0)) -> 100 | S10: =IF(AND(N10="",O10="",P10="",Q10="",R10=""),"",IFERROR(IF(N10<>"",N10,0)+IF(O10<>"",O10,0)+IF(P10<>"",P10,0)+IF(Q10<>"",Q10,0)+IF(R10<>"",R10,0),"")) -> 100 | T10: =IF(S10="","",ROUND(S10/60,2)) -> 1.67 | U10: =IF(OR(C10="",T10="",T10=0),"",ROUND(C10/T10,1)) -> 0.6 | V10: Esqueleto del rack
A11: =+A10 -> GUIDI COVER ENGINE | B11: =+B10 -> 46175 | C11: 5 | D11: 0.041666667 | E11: 0.045138889 | N11: =IF(OR(E11="",D11=""),"",ROUND((E11-D11)*1440,0)) -> 5 | O11: =IF(OR(G11="",F11=""),"",ROUND((G11-F11)*1440,0)) | P11: =IF(OR(I11="",H11=""),"",ROUND((I11-H11)*1440,0)) | Q11: =IF(OR(K11="",J11=""),"",ROUND((K11-J11)*1440,0)) | R11: =IF(OR(M11="",L11=""),"",ROUND((M11-L11)*1440,0)) | S11: =IF(AND(N11="",O11="",P11="",Q11="",R11=""),"",IFERROR(IF(N11<>"",N11,0)+IF(O11<>"",O11,0)+IF(P11<>"",P11,0)+IF(Q11<>"",Q11,0)+IF(R11<>"",R11,0),"")) -> 5 | T11: =IF(S11="","",ROUND(S11/60,2)) -> 0.08 | U11: =IF(OR(C11="",T11="",T11=0),"",ROUND(C11/T11,1)) -> 62.5 | V11: Horizontal largo fondo rack
A12: =+A11 -> GUIDI COVER ENGINE | B12: =+B11 -> 46175 | C12: 5 | D12: =+D11 -> 0.041666667 | E12: 0.069444444 | N12: =IF(OR(E12="",D12=""),"",ROUND((E12-D12)*1440,0)) -> 40 | O12: =IF(OR(G12="",F12=""),"",ROUND((G12-F12)*1440,0)) | P12: =IF(OR(I12="",H12=""),"",ROUND((I12-H12)*1440,0)) | Q12: =IF(OR(K12="",J12=""),"",ROUND((K12-J12)*1440,0)) | R12: =IF(OR(M12="",L12=""),"",ROUND((M12-L12)*1440,0)) | S12: =IF(AND(N12="",O12="",P12="",Q12="",R12=""),"",IFERROR(IF(N12<>"",N12,0)+IF(O12<>"",O12,0)+IF(P12<>"",P12,0)+IF(Q12<>"",Q12,0)+IF(R12<>"",R12,0),"")) -> 40 | T12: =IF(S12="","",ROUND(S12/60,2)) -> 0.67 | U12: =IF(OR(C12="",T12="",T12=0),"",ROUND(C12/T12,1)) -> 7.5 | V12: Tochitos union entre componentes
A13: =+A12 -> GUIDI COVER ENGINE | B13: =+B12 -> 46175 | C13: 5 | D13: 0.041666667 | E13: 0.080555556 | N13: =IF(OR(E13="",D13=""),"",ROUND((E13-D13)*1440,0)) -> 56 | O13: =IF(OR(G13="",F13=""),"",ROUND((G13-F13)*1440,0)) | P13: =IF(OR(I13="",H13=""),"",ROUND((I13-H13)*1440,0)) | Q13: =IF(OR(K13="",J13=""),"",ROUND((K13-J13)*1440,0)) | R13: =IF(OR(M13="",L13=""),"",ROUND((M13-L13)*1440,0)) | S13: =IF(AND(N13="",O13="",P13="",Q13="",R13=""),"",IFERROR(IF(N13<>"",N13,0)+IF(O13<>"",O13,0)+IF(P13<>"",P13,0)+IF(Q13<>"",Q13,0)+IF(R13<>"",R13,0),"")) -> 56 | T13: =IF(S13="","",ROUND(S13/60,2)) -> 0.93 | U13: =IF(OR(C13="",T13="",T13=0),"",ROUND(C13/T13,1)) -> 5.4 | V13: Cortado para base 40x20 total
A14: =+A13 -> GUIDI COVER ENGINE | B14: 46176 | C14: 5 | J14: 0.041666667 | K14: 0.10763889 | N14: =IF(OR(E14="",D14=""),"",ROUND((E14-D14)*1440,0)) | O14: =IF(OR(G14="",F14=""),"",ROUND((G14-F14)*1440,0)) | P14: =IF(OR(I14="",H14=""),"",ROUND((I14-H14)*1440,0)) | Q14: =IF(OR(K14="",J14=""),"",ROUND((K14-J14)*1440,0)) -> 95 | R14: =IF(OR(M14="",L14=""),"",ROUND((M14-L14)*1440,0)) | S14: =IF(AND(N14="",O14="",P14="",Q14="",R14=""),"",IFERROR(IF(N14<>"",N14,0)+IF(O14<>"",O14,0)+IF(P14<>"",P14,0)+IF(Q14<>"",Q14,0)+IF(R14<>"",R14,0),"")) -> 95 | T14: =IF(S14="","",ROUND(S14/60,2)) -> 1.58 | U14: =IF(OR(C14="",T14="",T14=0),"",ROUND(C14/T14,1)) -> 3.2 | V14: Soldadura de base 40x20
A15: =+A14 -> GUIDI COVER ENGINE | B15: =+B14 -> 46176 | C15: 5 | D15: 0.041666667 | E15: 0.083333333 | N15: =IF(OR(E15="",D15=""),"",ROUND((E15-D15)*1440,0)) -> 60 | O15: =IF(OR(G15="",F15=""),"",ROUND((G15-F15)*1440,0)) | P15: =IF(OR(I15="",H15=""),"",ROUND((I15-H15)*1440,0)) | Q15: =IF(OR(K15="",J15=""),"",ROUND((K15-J15)*1440,0)) | R15: =IF(OR(M15="",L15=""),"",ROUND((M15-L15)*1440,0)) | S15: =IF(AND(N15="",O15="",P15="",Q15="",R15=""),"",IFERROR(IF(N15<>"",N15,0)+IF(O15<>"",O15,0)+IF(P15<>"",P15,0)+IF(Q15<>"",Q15,0)+IF(R15<>"",R15,0),"")) -> 60 | T15: =IF(S15="","",ROUND(S15/60,2)) -> 1 | U15: =IF(OR(C15="",T15="",T15=0),"",ROUND(C15/T15,1)) -> 5 | V15: Corte para arañas
A16: =+A15 -> GUIDI COVER ENGINE | B16: 46176 | C16: 5 | J16: 0.041666667 | K16: 0.055555556 | N16: =IF(OR(E16="",D16=""),"",ROUND((E16-D16)*1440,0)) | O16: =IF(OR(G16="",F16=""),"",ROUND((G16-F16)*1440,0)) | P16: =IF(OR(I16="",H16=""),"",ROUND((I16-H16)*1440,0)) | Q16: =IF(OR(K16="",J16=""),"",ROUND((K16-J16)*1440,0)) -> 20 | R16: =IF(OR(M16="",L16=""),"",ROUND((M16-L16)*1440,0)) | S16: =IF(AND(N16="",O16="",P16="",Q16="",R16=""),"",IFERROR(IF(N16<>"",N16,0)+IF(O16<>"",O16,0)+IF(P16<>"",P16,0)+IF(Q16<>"",Q16,0)+IF(R16<>"",R16,0),"")) -> 20 | T16: =IF(S16="","",ROUND(S16/60,2)) -> 0.33 | U16: =IF(OR(C16="",T16="",T16=0),"",ROUND(C16/T16,1)) -> 15.2 | V16: Corte y soldadura de interiores
A17: GUIDI COVER ENGINE | D17: 0.041666667 | N17: =IF(OR(E17="",D17=""),"",ROUND((E17-D17)*1440,0)) | O17: =IF(OR(G17="",F17=""),"",ROUND((G17-F17)*1440,0)) | P17: =IF(OR(I17="",H17=""),"",ROUND((I17-H17)*1440,0)) | Q17: =IF(OR(K17="",J17=""),"",ROUND((K17-J17)*1440,0)) | R17: =IF(OR(M17="",L17=""),"",ROUND((M17-L17)*1440,0)) | S17: =IF(AND(N17="",O17="",P17="",Q17="",R17=""),"",IFERROR(IF(N17<>"",N17,0)+IF(O17<>"",O17,0)+IF(P17<>"",P17,0)+IF(Q17<>"",Q17,0)+IF(R17<>"",R17,0),"")) | T17: =IF(S17="","",ROUND(S17/60,2)) | U17: =IF(OR(C17="",T17="",T17=0),"",ROUND(C17/T17,1))
N18: =IF(OR(E18="",D18=""),"",ROUND((E18-D18)*1440,0)) | O18: =IF(OR(G18="",F18=""),"",ROUND((G18-F18)*1440,0)) | P18: =IF(OR(I18="",H18=""),"",ROUND((I18-H18)*1440,0)) | Q18: =IF(OR(K18="",J18=""),"",ROUND((K18-J18)*1440,0)) | R18: =IF(OR(M18="",L18=""),"",ROUND((M18-L18)*1440,0)) | S18: =IF(AND(N18="",O18="",P18="",Q18="",R18=""),"",IFERROR(IF(N18<>"",N18,0)+IF(O18<>"",O18,0)+IF(P18<>"",P18,0)+IF(Q18<>"",Q18,0)+IF(R18<>"",R18,0),"")) | T18: =IF(S18="","",ROUND(S18/60,2)) | U18: =IF(OR(C18="",T18="",T18=0),"",ROUND(C18/T18,1))
N19: =IF(OR(E19="",D19=""),"",ROUND((E19-D19)*1440,0)) | O19: =IF(OR(G19="",F19=""),"",ROUND((G19-F19)*1440,0)) | P19: =IF(OR(I19="",H19=""),"",ROUND((I19-H19)*1440,0)) | Q19: =IF(OR(K19="",J19=""),"",ROUND((K19-J19)*1440,0)) | R19: =IF(OR(M19="",L19=""),"",ROUND((M19-L19)*1440,0)) | S19: =IF(AND(N19="",O19="",P19="",Q19="",R19=""),"",IFERROR(IF(N19<>"",N19,0)+IF(O19<>"",O19,0)+IF(P19<>"",P19,0)+IF(Q19<>"",Q19,0)+IF(R19<>"",R19,0),"")) | T19: =IF(S19="","",ROUND(S19/60,2)) | U19: =IF(OR(C19="",T19="",T19=0),"",ROUND(C19/T19,1))
N20: =IF(OR(E20="",D20=""),"",ROUND((E20-D20)*1440,0)) | O20: =IF(OR(G20="",F20=""),"",ROUND((G20-F20)*1440,0)) | P20: =IF(OR(I20="",H20=""),"",ROUND((I20-H20)*1440,0)) | Q20: =IF(OR(K20="",J20=""),"",ROUND((K20-J20)*1440,0)) | R20: =IF(OR(M20="",L20=""),"",ROUND((M20-L20)*1440,0)) | S20: =IF(AND(N20="",O20="",P20="",Q20="",R20=""),"",IFERROR(IF(N20<>"",N20,0)+IF(O20<>"",O20,0)+IF(P20<>"",P20,0)+IF(Q20<>"",Q20,0)+IF(R20<>"",R20,0),"")) | T20: =IF(S20="","",ROUND(S20/60,2)) | U20: =IF(OR(C20="",T20="",T20=0),"",ROUND(C20/T20,1))
N21: =IF(OR(E21="",D21=""),"",ROUND((E21-D21)*1440,0)) | O21: =IF(OR(G21="",F21=""),"",ROUND((G21-F21)*1440,0)) | P21: =IF(OR(I21="",H21=""),"",ROUND((I21-H21)*1440,0)) | Q21: =IF(OR(K21="",J21=""),"",ROUND((K21-J21)*1440,0)) | R21: =IF(OR(M21="",L21=""),"",ROUND((M21-L21)*1440,0)) | S21: =IF(AND(N21="",O21="",P21="",Q21="",R21=""),"",IFERROR(IF(N21<>"",N21,0)+IF(O21<>"",O21,0)+IF(P21<>"",P21,0)+IF(Q21<>"",Q21,0)+IF(R21<>"",R21,0),"")) | T21: =IF(S21="","",ROUND(S21/60,2)) | U21: =IF(OR(C21="",T21="",T21=0),"",ROUND(C21/T21,1))
N22: =IF(OR(E22="",D22=""),"",ROUND((E22-D22)*1440,0)) | O22: =IF(OR(G22="",F22=""),"",ROUND((G22-F22)*1440,0)) | P22: =IF(OR(I22="",H22=""),"",ROUND((I22-H22)*1440,0)) | Q22: =IF(OR(K22="",J22=""),"",ROUND((K22-J22)*1440,0)) | R22: =IF(OR(M22="",L22=""),"",ROUND((M22-L22)*1440,0)) | S22: =IF(AND(N22="",O22="",P22="",Q22="",R22=""),"",IFERROR(IF(N22<>"",N22,0)+IF(O22<>"",O22,0)+IF(P22<>"",P22,0)+IF(Q22<>"",Q22,0)+IF(R22<>"",R22,0),"")) | T22: =IF(S22="","",ROUND(S22/60,2)) | U22: =IF(OR(C22="",T22="",T22=0),"",ROUND(C22/T22,1))
N23: =IF(OR(E23="",D23=""),"",ROUND((E23-D23)*1440,0)) | O23: =IF(OR(G23="",F23=""),"",ROUND((G23-F23)*1440,0)) | P23: =IF(OR(I23="",H23=""),"",ROUND((I23-H23)*1440,0)) | Q23: =IF(OR(K23="",J23=""),"",ROUND((K23-J23)*1440,0)) | R23: =IF(OR(M23="",L23=""),"",ROUND((M23-L23)*1440,0)) | S23: =IF(AND(N23="",O23="",P23="",Q23="",R23=""),"",IFERROR(IF(N23<>"",N23,0)+IF(O23<>"",O23,0)+IF(P23<>"",P23,0)+IF(Q23<>"",Q23,0)+IF(R23<>"",R23,0),"")) | T23: =IF(S23="","",ROUND(S23/60,2)) | U23: =IF(OR(C23="",T23="",T23=0),"",ROUND(C23/T23,1))
N24: =IF(OR(E24="",D24=""),"",ROUND((E24-D24)*1440,0)) | O24: =IF(OR(G24="",F24=""),"",ROUND((G24-F24)*1440,0)) | P24: =IF(OR(I24="",H24=""),"",ROUND((I24-H24)*1440,0)) | Q24: =IF(OR(K24="",J24=""),"",ROUND((K24-J24)*1440,0)) | R24: =IF(OR(M24="",L24=""),"",ROUND((M24-L24)*1440,0)) | S24: =IF(AND(N24="",O24="",P24="",Q24="",R24=""),"",IFERROR(IF(N24<>"",N24,0)+IF(O24<>"",O24,0)+IF(P24<>"",P24,0)+IF(Q24<>"",Q24,0)+IF(R24<>"",R24,0),"")) | T24: =IF(S24="","",ROUND(S24/60,2)) | U24: =IF(OR(C24="",T24="",T24=0),"",ROUND(C24/T24,1))
N25: =IF(OR(E25="",D25=""),"",ROUND((E25-D25)*1440,0)) | O25: =IF(OR(G25="",F25=""),"",ROUND((G25-F25)*1440,0)) | P25: =IF(OR(I25="",H25=""),"",ROUND((I25-H25)*1440,0)) | Q25: =IF(OR(K25="",J25=""),"",ROUND((K25-J25)*1440,0)) | R25: =IF(OR(M25="",L25=""),"",ROUND((M25-L25)*1440,0)) | S25: =IF(AND(N25="",O25="",P25="",Q25="",R25=""),"",IFERROR(IF(N25<>"",N25,0)+IF(O25<>"",O25,0)+IF(P25<>"",P25,0)+IF(Q25<>"",Q25,0)+IF(R25<>"",R25,0),"")) | T25: =IF(S25="","",ROUND(S25/60,2)) | U25: =IF(OR(C25="",T25="",T25=0),"",ROUND(C25/T25,1))
N26: =IF(OR(E26="",D26=""),"",ROUND((E26-D26)*1440,0)) | O26: =IF(OR(G26="",F26=""),"",ROUND((G26-F26)*1440,0)) | P26: =IF(OR(I26="",H26=""),"",ROUND((I26-H26)*1440,0)) | Q26: =IF(OR(K26="",J26=""),"",ROUND((K26-J26)*1440,0)) | R26: =IF(OR(M26="",L26=""),"",ROUND((M26-L26)*1440,0)) | S26: =IF(AND(N26="",O26="",P26="",Q26="",R26=""),"",IFERROR(IF(N26<>"",N26,0)+IF(O26<>"",O26,0)+IF(P26<>"",P26,0)+IF(Q26<>"",Q26,0)+IF(R26<>"",R26,0),"")) | T26: =IF(S26="","",ROUND(S26/60,2)) | U26: =IF(OR(C26="",T26="",T26=0),"",ROUND(C26/T26,1))
N27: =IF(OR(E27="",D27=""),"",ROUND((E27-D27)*1440,0)) | O27: =IF(OR(G27="",F27=""),"",ROUND((G27-F27)*1440,0)) | P27: =IF(OR(I27="",H27=""),"",ROUND((I27-H27)*1440,0)) | Q27: =IF(OR(K27="",J27=""),"",ROUND((K27-J27)*1440,0)) | R27: =IF(OR(M27="",L27=""),"",ROUND((M27-L27)*1440,0)) | S27: =IF(AND(N27="",O27="",P27="",Q27="",R27=""),"",IFERROR(IF(N27<>"",N27,0)+IF(O27<>"",O27,0)+IF(P27<>"",P27,0)+IF(Q27<>"",Q27,0)+IF(R27<>"",R27,0),"")) | T27: =IF(S27="","",ROUND(S27/60,2)) | U27: =IF(OR(C27="",T27="",T27=0),"",ROUND(C27/T27,1))
N28: =IF(OR(E28="",D28=""),"",ROUND((E28-D28)*1440,0)) | O28: =IF(OR(G28="",F28=""),"",ROUND((G28-F28)*1440,0)) | P28: =IF(OR(I28="",H28=""),"",ROUND((I28-H28)*1440,0)) | Q28: =IF(OR(K28="",J28=""),"",ROUND((K28-J28)*1440,0)) | R28: =IF(OR(M28="",L28=""),"",ROUND((M28-L28)*1440,0)) | S28: =IF(AND(N28="",O28="",P28="",Q28="",R28=""),"",IFERROR(IF(N28<>"",N28,0)+IF(O28<>"",O28,0)+IF(P28<>"",P28,0)+IF(Q28<>"",Q28,0)+IF(R28<>"",R28,0),"")) | T28: =IF(S28="","",ROUND(S28/60,2)) | U28: =IF(OR(C28="",T28="",T28=0),"",ROUND(C28/T28,1))
N29: =IF(OR(E29="",D29=""),"",ROUND((E29-D29)*1440,0)) | O29: =IF(OR(G29="",F29=""),"",ROUND((G29-F29)*1440,0)) | P29: =IF(OR(I29="",H29=""),"",ROUND((I29-H29)*1440,0)) | Q29: =IF(OR(K29="",J29=""),"",ROUND((K29-J29)*1440,0)) | R29: =IF(OR(M29="",L29=""),"",ROUND((M29-L29)*1440,0)) | S29: =IF(AND(N29="",O29="",P29="",Q29="",R29=""),"",IFERROR(IF(N29<>"",N29,0)+IF(O29<>"",O29,0)+IF(P29<>"",P29,0)+IF(Q29<>"",Q29,0)+IF(R29<>"",R29,0),"")) | T29: =IF(S29="","",ROUND(S29/60,2)) | U29: =IF(OR(C29="",T29="",T29=0),"",ROUND(C29/T29,1))
... N32: =IF(OR(E32="",D32=""),"",ROUND((E32-D32)*1440,0)) | O32: =IF(OR(G32="",F32=""),"",ROUND((G32-F32)*1440,0)) | P32: =IF(OR(I32="",H32=""),"",ROUND((I32-H32)*1440,0)) | Q32: =IF(OR(K32="",J32=""),"",ROUND((K32-J32)*1440,0)) | R32: =IF(OR(M32="",L32=""),"",ROUND((M32-L32)*1440,0)) | S32: =IF(AND(N32="",O32="",P32="",Q32="",R32=""),"",IFERROR(IF(N32<>"",N32,0)+IF(O32<>"",O32,0)+IF(P32<>"",P32,0)+IF(Q32<>"",Q32,0)+IF(R32<>"",R32,0),"")) | T32: =IF(S32="","",ROUND(S32/60,2)) | U32: =IF(OR(C32="",T32="",T32=0),"",ROUND(C32/T32,1))
A33: TOTALES / PROMEDIOS | N33: =IFERROR(AVERAGE(N8:N32),"") -> 40.2 | O33: =IFERROR(AVERAGE(O8:O32),"") | P33: =IFERROR(AVERAGE(P8:P32),"") | Q33: =IFERROR(AVERAGE(Q8:Q32),"") -> 57.333333 | R33: =IFERROR(AVERAGE(R8:R32),"") -> 100 | S33: =IFERROR(AVERAGE(S8:S32),"") -> 52.555556 | T33: =IFERROR(AVERAGE(T8:T32),"") -> 0.87555556 | U33: =IFERROR(AVERAGE(U8:U32),"") -> 12.466667

Sheet Seguimiento 60 Racks
A1: SEGUIMIENTO INDIVIDUAL – 60 COVER ENGINE
A2: Estado de avance por rack. Marcar con ✓ cuando la etapa está completada.
A3: RACKS COMPLETADOS (todas las etapas ✓): | E3: =COUNTIF(J6:J65,"✓") -> 0 | F3: de 60 racks | H3: =ROUND(COUNTIF(J6:J65,"✓")/60*100,1)&"%" -> 0%
A5: N° RACK | B5: LOTE | C5: CORT. MANUAL ✓ | D5: CORTE LÁSER ✓ | E5: CORTE ROUTER ✓ | F5: SOLD. COMP. ✓ | G5: UNIÓN COMP. ✓ | H5: ETAPAS OK | I5: ESTADO FINAL | J5: COMPLETADO ✓
A6: 1 | H6: =COUNTIF(C6:G6,"✓") -> 0 | I6: =IF(H6=5,"✅ LISTO",IF(H6=0,"⏳ PENDIENTE","🔧 EN PROCESO "&H6&"/5")) -> ⏳ PENDIENTE
A7: 2 | H7: =COUNTIF(C7:G7,"✓") -> 0 | I7: =IF(H7=5,"✅ LISTO",IF(H7=0,"⏳ PENDIENTE","🔧 EN PROCESO "&H7&"/5")) -> ⏳ PENDIENTE
A8: 3 | H8: =COUNTIF(C8:G8,"✓") -> 0 | I8: =IF(H8=5,"✅ LISTO",IF(H8=0,"⏳ PENDIENTE","🔧 EN PROCESO "&H8&"/5")) -> ⏳ PENDIENTE
A9: 4 | H9: =COUNTIF(C9:G9,"✓") -> 0 | I9: =IF(H9=5,"✅ LISTO",IF(H9=0,"⏳ PENDIENTE","🔧 EN PROCESO "&H9&"/5")) -> ⏳ PENDIENTE
A10: 5 | H10: =COUNTIF(C10:G10,"✓") -> 0 | I10: =IF(H10=5,"✅ LISTO",IF(H10=0,"⏳ PENDIENTE","🔧 EN PROCESO "&H10&"/5")) -> ⏳ PENDIENTE
A11: 6 | H11: =COUNTIF(C11:G11,"✓") -> 0 | I11: =IF(H11=5,"✅ LISTO",IF(H11=0,"⏳ PENDIENTE","🔧 EN PROCESO "&H11&"/5")) -> ⏳ PENDIENTE
A12: 7 | H12: =COUNTIF(C12:G12,"✓") -> 0 | I12: =IF(H12=5,"✅ LISTO",IF(H12=0,"⏳ PENDIENTE","🔧 EN PROCESO "&H12&"/5")) -> ⏳ PENDIENTE
A13: 8 | H13: =COUNTIF(C13:G13,"✓") -> 0 | I13: =IF(H13=5,"✅ LISTO",IF(H13=0,"⏳ PENDIENTE","🔧 EN PROCESO "&H13&"/5")) -> ⏳ PENDIENTE
A14: 9 | H14: =COUNTIF(C14:G14,"✓") -> 0 | I14: =IF(H14=5,"✅ LISTO",IF(H14=0,"⏳ PENDIENTE","🔧 EN PROCESO "&H14&"/5")) -> ⏳ PENDIENTE
A15: 10 | H15: =COUNTIF(C15:G15,"✓") -> 0 | I15: =IF(H15=5,"✅ LISTO",IF(H15=0,"⏳ PENDIENTE","🔧 EN PROCESO "&H15&"/5")) -> ⏳ PENDIENTE
A16: 11 | H16: =COUNTIF(C16:G16,"✓") -> 0 | I16: =IF(H16=5,"✅ LISTO",IF(H16=0,"⏳ PENDIENTE","🔧 EN PROCESO "&H16&"/5")) -> ⏳ PENDIENTE
A17: 12 | H17: =COUNTIF(C17:G17,"✓") -> 0 | I17: =IF(H17=5,"✅ LISTO",IF(H17=0,"⏳ PENDIENTE","🔧 EN PROCESO "&H17&"/5")) -> ⏳ PENDIENTE
... A65: 60 | H65: =COUNTIF(C65:G65,"✓") -> 0 | I65: =IF(H65=5,"✅ LISTO",IF(H65=0,"⏳ PENDIENTE","🔧 EN PROCESO "&H65&"/5")) -> ⏳ PENDIENTE

Sheet Resumen Ejecutivo
A1: RESUMEN EJECUTIVO – COVER ENGINE x60
A3: TIEMPO PROMEDIO POR PROCESO (desde Registro por Lote)
A4: Proceso | B4: Color | C4: Prom. (min) | D4: Mín. (min) | E4: Máx. (min) | F4: % del Total | G4: Etapa crítica
A5: 1. Cortadora Manual | C5: =IFERROR(AVERAGE('Registro por lote'!N8:N32),"") -> 40.2 | D5: =IFERROR(MIN(IF('Registro por lote'!N8:N32<>"",'Registro por lote'!N8:N32)),"") | E5: =IFERROR(MAX('Registro por lote'!N8:N32),"") -> 60 | F5: =IFERROR(C5/SUM($C$5:$C$9)*100,"") -> 20.350996 | G5: =IF(C5=MAX($C$5:$C$9),"⚠️ CUELLO DE BOTELLA","")
A6: 2. Corte Láser | C6: =IFERROR(AVERAGE('Registro por lote'!O8:O32),"") | D6: =IFERROR(MIN(IF('Registro por lote'!O8:O32<>"",'Registro por lote'!O8:O32)),"") | E6: =IFERROR(MAX('Registro por lote'!O8:O32),"") -> 0 | F6: =IFERROR(C6/SUM($C$5:$C$9)*100,"") | G6: =IF(C6=MAX($C$5:$C$9),"⚠️ CUELLO DE BOTELLA","")
A7: 3. Corte Router | C7: =IFERROR(AVERAGE('Registro por lote'!P8:P32),"") | D7: =IFERROR(MIN(IF('Registro por lote'!P8:P32<>"",'Registro por lote'!P8:P32)),"") | E7: =IFERROR(MAX('Registro por lote'!P8:P32),"") -> 0 | F7: =IFERROR(C7/SUM($C$5:$C$9)*100,"") | G7: =IF(C7=MAX($C$5:$C$9),"⚠️ CUELLO DE BOTELLA","")
A8: 4. Sold. Componente | C8: =IFERROR(AVERAGE('Registro por lote'!Q8:Q32),"") -> 57.333333 | D8: =IFERROR(MIN(IF('Registro por lote'!Q8:Q32<>"",'Registro por lote'!Q8:Q32)),"") -> 0 | E8: =IFERROR(MAX('Registro por lote'!Q8:Q32),"") -> 95 | F8: =IFERROR(C8/SUM($C$5:$C$9)*100,"") -> 29.024637 | G8: =IF(C8=MAX($C$5:$C$9),"⚠️ CUELLO DE BOTELLA","")
A9: 5. Unión Componentes | C9: =IFERROR(AVERAGE('Registro por lote'!R8:R32),"") -> 100 | D9: =IFERROR(MIN(IF('Registro por lote'!R8:R32<>"",'Registro por lote'!R8:R32)),"") -> 0 | E9: =IFERROR(MAX('Registro por lote'!R8:R32),"") -> 100 | F9: =IFERROR(C9/SUM($C$5:$C$9)*100,"") -> 50.624367 | G9: =IF(C9=MAX($C$5:$C$9),"⚠️ CUELLO DE BOTELLA","") -> ⚠️ CUELLO DE BOTELLA
A10: TOTAL PROMEDIO POR RACK | C10: =IFERROR(SUM(C5:C9),"") -> 197.53333 | D10: =IFERROR(C10/60,"") -> 3.2922222
A13: PROYECCIÓN PARA 60 RACKS
A14: Tiempo total estimado (en serie) | E14: =IFERROR(C10*60,"") -> 11852
A15: Tiempo total estimado (en serie) | E15: =IFERROR(C10*60/60,"") -> 197.53333
A16: Ganancia paralelo (estimado 40%) | E16: =IFERROR(C10*60*0.6,"") -> 7111.2
A17: Racks completados hoy | E17: =IFERROR('Seguimiento 60 Racks'!E3,"") -> 0
A18: % Avance pedido | E18: =IFERROR('Seguimiento 60 Racks'!E3/60*100,"") -> 0
